station_ID,station_name,year,month,total_precip,SUMN_status,n_snow_fall,LDS_status,max_precip,MAXO_status,first_day_max_precip,last_day_max_precip,n_snow_cover,LDPS_status
253220190,WIZNA,1951,1,25.8,,6,,8.1,,7.0,,0,8.0
253220190,WIZNA,1951,2,4.4,,3,,2.6,,18.0,,0,8.0
253220190,WIZNA,1951,3,41.0,,3,,21.5,,23.0,,0,8.0
253220190,WIZNA,1951,4,48.4,,0,,32.1,,1.0,,0,8.0
253220190,WIZNA,1951,5,48.3,,0,,20.8,,21.0,,0,8.0
253220190,WIZNA,1951,6,41.8,,0,,17.2,,27.0,,0,8.0
253220190,WIZNA,1951,7,31.5,,0,,6.9,,13.0,,0,8.0
253220190,WIZNA,1951,8,38.8,,0,,23.9,,9.0,,0,8.0
253220190,WIZNA,1951,9,0.1,,0,,0.1,,1.0,,0,8.0
253220190,WIZNA,1951,10,0.0,,0,,0.0,,5.0,19.0,0,8.0
253220190,WIZNA,1951,11,21.3,,0,,7.8,,12.0,,0,8.0
253220190,WIZNA,1951,12,8.4,,1,,2.7,,16.0,,0,8.0
253220190,WIZNA,1952,1,14.3,,0,,14.3,,20.0,,0,8.0
253220190,WIZNA,1952,2,13.8,,9,,4.2,,21.0,,0,8.0
253220190,WIZNA,1952,3,2.1,,2,,1.9,,13.0,,0,8.0
253220190,WIZNA,1952,4,29.5,,0,,14.3,,24.0,,0,8.0
253220190,WIZNA,1952,5,31.1,,0,,12.6,,29.0,,0,8.0
253220190,WIZNA,1952,6,86.3,,0,,19.0,,3.0,,0,8.0
253220190,WIZNA,1952,7,23.2,,0,,6.9,,19.0,,0,8.0
253220190,WIZNA,1952,8,60.5,,0,,10.4,,17.0,,0,8.0
253220190,WIZNA,1952,9,110.2,,0,,20.3,,6.0,,0,8.0
253220190,WIZNA,1952,10,80.6,,0,,21.5,,13.0,,0,8.0
253220190,WIZNA,1952,11,85.4,,6,,20.0,,8.0,,0,8.0
253220190,WIZNA,1952,12,15.3,,3,,9.7,,15.0,,0,8.0
253220190,WIZNA,1953,1,9.7,,4,,7.0,,2.0,,0,8.0
253220190,WIZNA,1953,2,18.5,,0,,10.2,,21.0,,0,8.0
253220190,WIZNA,1953,3,0.2,,0,,0.2,,29.0,,0,8.0
253220190,WIZNA,1953,4,12.8,,0,,6.3,,17.0,,0,8.0
253220190,WIZNA,1953,5,31.4,,0,,16.0,,31.0,,0,8.0
253220190,WIZNA,1953,6,40.5,,0,,12.4,,1.0,,0,8.0
253220190,WIZNA,1953,7,33.7,,0,,8.3,,27.0,,0,8.0
253220190,WIZNA,1953,8,18.4,,0,,5.2,,7.0,,0,8.0
253220190,WIZNA,1953,9,42.0,,0,,17.5,,2.0,,0,8.0
253220190,WIZNA,1953,10,2.4,,0,,2.3,,5.0,,0,8.0
253220190,WIZNA,1953,11,9.5,,0,,4.5,,29.0,,0,8.0
253220190,WIZNA,1953,12,11.3,,4,,6.9,,21.0,,0,8.0
253220190,WIZNA,1954,1,22.7,,6,,9.0,,20.0,,0,8.0
253220190,WIZNA,1954,2,7.0,,5,,5.0,,21.0,,0,8.0
253220190,WIZNA,1954,3,19.5,,1,,9.8,,27.0,,0,8.0
253220190,WIZNA,1954,4,51.5,,2,,9.4,,1.0,,0,8.0
253220190,WIZNA,1954,5,78.7,,0,,23.3,,19.0,,0,8.0
253220190,WIZNA,1954,6,61.9,,0,,24.2,,11.0,,0,8.0
253220190,WIZNA,1954,7,95.7,,0,,20.6,,31.0,,0,8.0
253220190,WIZNA,1954,8,53.5,,0,,33.4,,10.0,,0,8.0
253220190,WIZNA,1954,9,24.0,,0,,8.6,,12.0,,0,8.0
253220190,WIZNA,1954,10,26.5,,0,,12.2,,18.0,,0,8.0
253220190,WIZNA,1954,11,23.3,,1,,8.6,,3.0,,0,8.0
253220190,WIZNA,1954,12,64.8,,6,,16.4,,1.0,,0,8.0
253220190,WIZNA,1955,1,15.8,,6,,5.2,,11.0,,0,8.0
253220190,WIZNA,1955,2,11.4,,11,,2.9,,20.0,,0,8.0
253220190,WIZNA,1955,3,17.9,,5,,4.7,,24.0,,0,8.0
253220190,WIZNA,1955,4,36.7,,4,,6.7,,13.0,,0,8.0
253220190,WIZNA,1955,5,48.6,,0,,11.4,,19.0,,0,8.0
253220190,WIZNA,1955,6,39.2,,0,,17.0,,10.0,,0,8.0
253220190,WIZNA,1955,7,123.4,,0,,30.0,,9.0,,0,8.0
253220190,WIZNA,1955,8,29.9,,0,,16.4,,30.0,,0,8.0
253220190,WIZNA,1955,9,43.6,,0,,25.6,,14.0,,0,8.0
253220190,WIZNA,1955,10,31.9,,0,,25.7,,8.0,,0,8.0
253220190,WIZNA,1955,11,37.0,,3,,13.1,,11.0,,0,8.0
253220190,WIZNA,1955,12,68.4,,6,,16.4,,5.0,,0,8.0
253220190,WIZNA,1956,1,28.0,,6,,7.9,,22.0,,0,8.0
253220190,WIZNA,1956,2,39.4,,5,,5.9,,20.0,,0,8.0
253220190,WIZNA,1956,3,22.5,,2,,9.8,,1.0,,0,8.0
253220190,WIZNA,1956,4,11.4,,0,,3.8,,11.0,,0,8.0
253220190,WIZNA,1956,5,20.8,,0,,5.2,,7.0,,0,8.0
253220190,WIZNA,1956,6,127.3,,0,,90.7,,22.0,,0,8.0
253220190,WIZNA,1956,7,74.2,,0,,22.6,,15.0,,0,8.0
253220190,WIZNA,1956,8,88.1,,0,,20.3,,3.0,,0,8.0
253220190,WIZNA,1956,9,20.7,,0,,10.6,,12.0,,0,8.0
253220190,WIZNA,1956,10,109.2,,0,,40.5,,6.0,,0,8.0
253220190,WIZNA,1956,11,17.0,,5,,6.3,,1.0,,0,8.0
253220190,WIZNA,1956,12,40.4,,7,,12.4,,6.0,,0,8.0
253220190,WIZNA,1957,1,27.4,,5,,7.9,,5.0,,0,8.0
253220190,WIZNA,1957,2,39.1,,5,,8.3,,18.0,,0,8.0
253220190,WIZNA,1957,3,18.8,,4,,4.7,,15.0,,0,8.0
253220190,WIZNA,1957,4,22.1,,3,,7.4,,30.0,,0,8.0
253220190,WIZNA,1957,5,16.0,,0,,5.8,,7.0,,0,8.0
253220190,WIZNA,1957,6,58.2,,0,,12.3,,25.0,,0,8.0
253220190,WIZNA,1957,7,114.2,,0,,40.3,,16.0,,0,8.0
253220190,WIZNA,1957,8,115.3,,0,,30.9,,17.0,,0,8.0
253220190,WIZNA,1957,9,124.6,,0,,41.5,,23.0,,0,8.0
253220190,WIZNA,1957,10,6.2,,0,,2.7,,23.0,,0,8.0
253220190,WIZNA,1957,11,17.9,,0,,7.8,,27.0,,0,8.0
253220190,WIZNA,1957,12,22.9,,4,,9.1,,8.0,,0,8.0
253220190,WIZNA,1958,1,26.5,,11,,5.8,,6.0,,0,8.0
253220190,WIZNA,1958,2,39.4,,8,,6.8,,15.0,,0,8.0
253220190,WIZNA,1958,3,41.5,,16,,8.5,,1.0,,0,8.0
253220190,WIZNA,1958,4,36.3,,4,,5.2,,26.0,,0,8.0
253220190,WIZNA,1958,5,61.8,,1,,23.8,,16.0,,0,8.0
253220190,WIZNA,1958,6,82.8,,0,,21.5,,25.0,,0,8.0
253220190,WIZNA,1958,7,80.6,,0,,24.2,,5.0,,0,8.0
253220190,WIZNA,1958,8,55.9,,0,,20.4,,7.0,,0,8.0
253220190,WIZNA,1958,9,40.0,,0,,14.8,,19.0,,0,8.0
253220190,WIZNA,1958,10,73.9,,0,,34.5,,7.0,,0,8.0
253220190,WIZNA,1958,11,24.6,,2,,7.3,,8.0,,0,8.0
253220190,WIZNA,1958,12,30.7,,10,,7.2,,14.0,,0,8.0
253220190,WIZNA,1959,1,32.1,,13,,6.7,,9.0,,0,8.0
253220190,WIZNA,1959,2,6.0,,2,,3.6,,24.0,,0,8.0
253220190,WIZNA,1959,3,6.5,,0,,3.1,,7.0,,0,8.0
253220190,WIZNA,1959,4,27.7,,2,,8.7,,5.0,,0,8.0
253220190,WIZNA,1959,5,34.2,,0,,22.8,,20.0,,0,8.0
253220190,WIZNA,1959,6,40.9,,0,,13.6,,29.0,,0,8.0
253220190,WIZNA,1959,7,86.2,,0,,21.7,,23.0,,0,8.0
253220190,WIZNA,1959,8,39.7,,0,,26.4,,4.0,,0,8.0
253220190,WIZNA,1959,9,26.0,,0,,5.8,,18.0,,0,8.0
253220190,WIZNA,1959,10,33.9,,0,,14.7,,22.0,,0,8.0
253220190,WIZNA,1959,11,16.0,,0,,6.5,,10.0,,0,8.0
253220190,WIZNA,1959,12,55.7,,7,,7.6,,2.0,,0,8.0
253220190,WIZNA,1960,1,28.5,,11,,12.3,,13.0,,0,8.0
253220190,WIZNA,1960,2,27.4,,6,,9.0,,24.0,,0,8.0
253220190,WIZNA,1960,3,18.7,,0,,8.6,,15.0,,0,8.0
253220190,WIZNA,1960,4,46.5,,3,,16.6,,4.0,,0,8.0
253220190,WIZNA,1960,5,39.8,,1,,14.4,,27.0,,0,8.0
253220190,WIZNA,1960,6,61.6,,0,,24.7,,15.0,,0,8.0
253220190,WIZNA,1960,7,109.0,,0,,26.5,,9.0,,0,8.0
253220190,WIZNA,1960,8,113.6,,0,,24.7,,16.0,,0,8.0
253220190,WIZNA,1960,9,28.2,,0,,6.5,,1.0,7.0,0,8.0
253220190,WIZNA,1960,10,50.6,,0,,12.4,,16.0,,0,8.0
253220190,WIZNA,1960,11,22.6,,2,,4.8,,2.0,,0,8.0
253220190,WIZNA,1960,12,38.8,,0,,13.2,,10.0,,0,8.0
253220190,WIZNA,1961,1,32.5,,8,,8.2,,5.0,,0,8.0
253220190,WIZNA,1961,2,11.6,,3,,3.7,,1.0,,0,8.0
253220190,WIZNA,1961,3,28.3,,6,,7.8,,30.0,,0,8.0
253220190,WIZNA,1961,4,21.4,,5,,5.9,,7.0,,0,8.0
253220190,WIZNA,1961,5,46.7,,0,,12.8,,7.0,,0,8.0
253220190,WIZNA,1961,6,77.7,,0,,15.3,,27.0,,0,8.0
253220190,WIZNA,1961,7,93.0,,0,,30.7,,30.0,,0,8.0
253220190,WIZNA,1961,8,52.4,,0,,10.4,,10.0,,0,8.0
253220190,WIZNA,1961,9,36.0,,0,,15.2,,14.0,,0,8.0
253220190,WIZNA,1961,10,6.2,,0,,4.7,,29.0,,0,8.0
253220190,WIZNA,1961,11,41.0,,1,,8.7,,8.0,,0,8.0
253220190,WIZNA,1961,12,21.8,,3,,6.8,,4.0,,0,8.0
253220190,WIZNA,1962,1,27.0,,4,,5.7,,25.0,,0,8.0
253220190,WIZNA,1962,2,35.5,,7,,6.2,,12.0,,0,8.0
253220190,WIZNA,1962,3,35.1,,6,,7.2,,31.0,,0,8.0
253220190,WIZNA,1962,4,30.7,,0,,8.3,,27.0,,0,8.0
253220190,WIZNA,1962,5,96.8,,1,,14.9,,20.0,,0,8.0
253220190,WIZNA,1962,6,56.5,,0,,19.2,,4.0,,0,8.0
253220190,WIZNA,1962,7,73.1,,0,,23.6,,13.0,,0,8.0
253220190,WIZNA,1962,8,119.0,,0,,19.3,,7.0,,0,8.0
253220190,WIZNA,1962,9,74.0,,0,,17.4,,18.0,,0,8.0
253220190,WIZNA,1962,10,4.5,,0,,2.5,,28.0,,0,8.0
253220190,WIZNA,1962,11,51.2,,3,,10.7,,15.0,,0,8.0
253220190,WIZNA,1962,12,12.1,,7,,8.7,,12.0,,0,8.0
253220190,WIZNA,1963,1,4.8,,5,,1.2,,23.0,,0,8.0
253220190,WIZNA,1963,2,28.7,,8,,7.8,,3.0,,0,8.0
253220190,WIZNA,1963,3,9.0,,4,,1.7,,13.0,,0,8.0
253220190,WIZNA,1963,4,27.1,,0,,16.6,,12.0,,0,8.0
253220190,WIZNA,1963,5,38.7,,0,,11.6,,22.0,,0,8.0
253220190,WIZNA,1963,6,75.6,,0,,28.7,,15.0,,0,8.0
253220190,WIZNA,1963,7,28.6,,0,,19.0,,14.0,,0,8.0
253220190,WIZNA,1963,8,92.2,,0,,40.5,,15.0,,0,8.0
253220190,WIZNA,1963,9,47.1,,0,,11.9,,3.0,,0,8.0
253220190,WIZNA,1963,10,45.1,,0,,10.6,,7.0,,0,8.0
253220190,WIZNA,1963,11,79.0,,2,,17.4,,2.0,,0,8.0
253220190,WIZNA,1963,12,14.2,,7,,4.5,,26.0,,0,8.0
253220190,WIZNA,1964,1,7.6,,7,,2.3,,26.0,,0,8.0
253220190,WIZNA,1964,2,33.5,,10,,5.5,,8.0,,0,8.0
253220190,WIZNA,1964,3,21.5,,9,,5.6,,17.0,,0,8.0
253220190,WIZNA,1964,4,36.8,,2,,7.4,,11.0,,0,8.0
253220190,WIZNA,1964,5,29.4,,0,,9.2,,14.0,,0,8.0
253220190,WIZNA,1964,6,60.5,,0,,28.9,,20.0,,0,8.0
253220190,WIZNA,1964,7,22.3,,0,,13.0,,11.0,,0,8.0
253220190,WIZNA,1964,8,70.8,,0,,20.3,,13.0,,0,8.0
253220190,WIZNA,1964,9,35.1,,0,,14.2,,7.0,,0,8.0
253220190,WIZNA,1964,10,42.8,,0,,18.1,,12.0,,0,8.0
253220190,WIZNA,1964,11,77.4,,5,,14.8,,29.0,,0,8.0
253220190,WIZNA,1964,12,22.8,,6,,7.4,,29.0,,0,8.0
253220190,WIZNA,1965,1,27.9,,10,,7.0,,30.0,,0,8.0
253220190,WIZNA,1965,2,23.0,,15,,8.0,,7.0,,0,8.0
253220190,WIZNA,1965,3,21.4,,5,,6.0,,3.0,17.0,0,8.0
253220190,WIZNA,1965,4,30.0,,0,,13.2,,27.0,,0,8.0
253220190,WIZNA,1965,5,101.9,,0,,32.6,,19.0,,0,8.0
253220190,WIZNA,1965,6,67.2,,0,,22.4,,1.0,,0,8.0
253220190,WIZNA,1965,7,106.0,,0,,35.6,,21.0,,0,8.0
253220190,WIZNA,1965,8,67.4,,0,,22.8,,26.0,,0,8.0
253220190,WIZNA,1965,9,42.0,,0,,28.4,,29.0,,0,8.0
253220190,WIZNA,1965,10,15.2,,0,,6.3,,16.0,,0,8.0
253220190,WIZNA,1965,11,42.0,,9,,8.9,,21.0,,0,8.0
253220190,WIZNA,1965,12,40.2,,11,,7.8,,18.0,,0,8.0
253220190,WIZNA,1966,1,32.4,,13,,8.2,,3.0,,0,8.0
253220190,WIZNA,1966,2,20.3,,6,,4.3,,5.0,26.0,0,8.0
253220190,WIZNA,1966,3,36.6,,5,,16.0,,1.0,,0,8.0
253220190,WIZNA,1966,4,35.9,,1,,10.0,,10.0,,0,8.0
253220190,WIZNA,1966,5,58.1,,0,,15.4,,26.0,,0,8.0
253220190,WIZNA,1966,6,34.6,,0,,8.9,,26.0,,0,8.0
253220190,WIZNA,1966,7,48.0,,0,,13.5,,7.0,,0,8.0
253220190,WIZNA,1966,8,48.0,,0,,22.7,,4.0,,0,8.0
253220190,WIZNA,1966,9,42.5,,0,,13.4,,1.0,,0,8.0
253220190,WIZNA,1966,10,40.3,,0,,14.2,,21.0,,0,8.0
253220190,WIZNA,1966,11,45.5,,4,,9.4,,19.0,,0,8.0
253220190,WIZNA,1966,12,56.6,,14,,16.3,,4.0,,0,8.0
253220190,WIZNA,1967,1,30.5,,15,,3.7,,2.0,13.0,0,8.0
253220190,WIZNA,1967,2,34.6,,5,,6.7,,28.0,,0,8.0
253220190,WIZNA,1967,3,24.6,,8,,5.1,,3.0,,0,8.0
253220190,WIZNA,1967,4,42.9,,2,,12.3,,24.0,,0,8.0
253220190,WIZNA,1967,5,54.1,,0,,16.3,,2.0,,0,8.0
253220190,WIZNA,1967,6,62.9,,0,,22.0,,10.0,,0,8.0
253220190,WIZNA,1967,7,70.6,,0,,29.0,,13.0,,0,8.0
253220190,WIZNA,1967,8,49.1,,0,,19.0,,5.0,,0,8.0
253220190,WIZNA,1967,9,33.4,,0,,16.2,,11.0,,0,8.0
253220190,WIZNA,1967,10,24.7,,0,,4.6,,5.0,,0,8.0
253220190,WIZNA,1967,11,39.3,,2,,11.6,,9.0,,0,8.0
253220190,WIZNA,1967,12,54.5,,12,,11.5,,5.0,,0,8.0
253220190,WIZNA,1968,1,47.4,,14,,10.4,,15.0,,0,8.0
253220190,WIZNA,1968,2,16.5,,13,,2.8,,15.0,24.0,0,8.0
253220190,WIZNA,1968,3,15.9,,5,,5.0,,22.0,,0,8.0
253220190,WIZNA,1968,4,28.6,,2,,7.2,,3.0,,0,8.0
253220190,WIZNA,1968,5,70.3,,0,,19.8,,29.0,,0,8.0
253220190,WIZNA,1968,6,84.5,,0,,13.5,,28.0,,0,8.0
253220190,WIZNA,1968,7,22.4,,0,,11.3,,15.0,,0,8.0
253220190,WIZNA,1968,8,21.9,,0,,11.0,,26.0,,0,8.0
253220190,WIZNA,1968,9,33.5,,0,,15.2,,16.0,,0,8.0
253220190,WIZNA,1968,10,49.4,,0,,9.3,,18.0,,0,8.0
253220190,WIZNA,1968,11,37.2,,0,,12.4,,10.0,,0,8.0
253220190,WIZNA,1968,12,7.4,,6,,3.5,,18.0,,0,8.0
253220190,WIZNA,1969,1,14.1,,7,,4.8,,22.0,,0,8.0
253220190,WIZNA,1969,2,13.6,,10,,3.7,,9.0,,0,8.0
253220190,WIZNA,1969,3,10.8,,6,,3.4,,14.0,,0,8.0
253220190,WIZNA,1969,4,39.9,,4,,15.5,,19.0,,0,8.0
253220190,WIZNA,1969,5,41.3,,0,,9.2,,31.0,,0,8.0
253220190,WIZNA,1969,6,27.4,,0,,13.6,,10.0,,0,8.0
253220190,WIZNA,1969,7,28.3,,0,,17.9,,8.0,,0,8.0
253220190,WIZNA,1969,8,94.7,,0,,28.9,,24.0,,0,8.0
253220190,WIZNA,1969,9,21.6,,0,,7.4,,20.0,,0,8.0
253220190,WIZNA,1969,10,22.2,,0,,10.0,,29.0,,0,8.0
253220190,WIZNA,1969,11,62.4,,3,,11.2,,3.0,,0,8.0
253220190,WIZNA,1969,12,25.2,,11,,5.9,,1.0,,0,8.0
253220190,WIZNA,1970,1,65.9,,10,,16.2,,27.0,,0,8.0
253220190,WIZNA,1970,2,33.8,,16,,6.2,,3.0,10.0,0,8.0
253220190,WIZNA,1970,3,43.0,,10,,12.5,,27.0,,0,8.0
253220190,WIZNA,1970,4,71.7,,1,,12.4,,19.0,,0,8.0
253220190,WIZNA,1970,5,89.6,,0,,16.7,,16.0,,0,8.0
253220190,WIZNA,1970,6,63.5,,0,,18.8,,29.0,,0,8.0
253220190,WIZNA,1970,7,64.8,,0,,15.9,,10.0,,0,8.0
253220190,WIZNA,1970,8,56.8,,0,,19.5,,18.0,,0,8.0
253220190,WIZNA,1970,9,46.3,,0,,9.7,,13.0,,0,8.0
253220190,WIZNA,1970,10,81.9,,0,,21.0,,30.0,,0,8.0
253220190,WIZNA,1970,11,64.4,,5,,14.4,,3.0,,0,8.0
253220190,WIZNA,1970,12,50.7,,12,,11.7,,30.0,,0,8.0
253220190,WIZNA,1971,1,16.9,,5,,7.9,,27.0,,0,8.0
253220190,WIZNA,1971,2,34.6,,12,,5.9,,1.0,,0,8.0
253220190,WIZNA,1971,3,26.7,,9,,7.7,,22.0,,0,8.0
253220190,WIZNA,1971,4,59.2,,3,,13.2,,9.0,,0,8.0
253220190,WIZNA,1971,5,30.1,,0,,23.5,,16.0,,0,8.0
253220190,WIZNA,1971,6,49.3,,0,,20.5,,22.0,,0,8.0
253220190,WIZNA,1971,7,20.1,,0,,10.1,,2.0,,0,8.0
253220190,WIZNA,1971,8,32.3,,0,,7.6,,27.0,,0,8.0
253220190,WIZNA,1971,9,38.3,,0,,9.0,,8.0,,0,8.0
253220190,WIZNA,1971,10,58.8,,2,,19.2,,14.0,,0,8.0
253220190,WIZNA,1971,11,24.2,,6,,5.0,,16.0,,0,8.0
253220190,WIZNA,1971,12,32.1,,8,,6.7,,24.0,,0,8.0
253220190,WIZNA,1972,1,10.3,,9,,2.9,,8.0,,0,8.0
253220190,WIZNA,1972,2,4.2,,2,,1.5,,14.0,,0,8.0
253220190,WIZNA,1972,3,31.3,,8,,12.9,,31.0,,0,8.0
253220190,WIZNA,1972,4,65.9,,2,,21.2,,15.0,,0,8.0
253220190,WIZNA,1972,5,59.4,,0,,14.0,,12.0,,0,8.0
253220190,WIZNA,1972,6,90.2,,0,,19.4,,13.0,,0,8.0
253220190,WIZNA,1972,7,87.0,,0,,50.1,,1.0,,0,8.0
253220190,WIZNA,1972,8,149.4,,0,,44.9,,3.0,,0,8.0
253220190,WIZNA,1972,9,83.0,,0,,30.6,,11.0,,0,8.0
253220190,WIZNA,1972,10,20.9,,1,,5.4,,24.0,,0,8.0
253220190,WIZNA,1972,11,36.2,,6,,6.2,,13.0,,0,8.0
253220190,WIZNA,1972,12,7.6,,0,,4.3,,9.0,,0,8.0
253220190,WIZNA,1973,1,10.4,,8,,3.3,,19.0,,0,8.0
253220190,WIZNA,1973,2,40.1,,13,,4.8,,22.0,,0,8.0
253220190,WIZNA,1973,3,20.0,,7,,7.2,,17.0,,0,8.0
253220190,WIZNA,1973,4,14.2,,2,,4.5,,9.0,,0,8.0
253220190,WIZNA,1973,5,46.4,,0,,14.4,,15.0,,0,8.0
253220190,WIZNA,1973,6,43.9,,0,,9.2,,17.0,,0,8.0
253220190,WIZNA,1973,7,139.6,,0,,22.0,,16.0,,0,8.0
253220190,WIZNA,1973,8,35.5,,0,,21.0,,4.0,,0,8.0
253220190,WIZNA,1973,9,22.4,,0,,6.5,,27.0,,0,8.0
253220190,WIZNA,1973,10,54.8,,1,,22.9,,21.0,,0,8.0
253220190,WIZNA,1973,11,62.4,,10,,10.2,,10.0,,0,8.0
253220190,WIZNA,1973,12,36.2,,13,,7.4,,3.0,,0,8.0
253220190,WIZNA,1974,1,16.2,,3,,5.3,,17.0,,0,8.0
253220190,WIZNA,1974,2,36.9,,8,,8.3,,9.0,,0,8.0
253220190,WIZNA,1974,3,4.3,,0,,2.2,,18.0,,0,8.0
253220190,WIZNA,1974,4,5.2,,0,,3.0,,21.0,,0,8.0
253220190,WIZNA,1974,5,48.7,,0,,10.0,,5.0,,0,8.0
253220190,WIZNA,1974,6,145.0,,0,,28.6,,11.0,,0,8.0
253220190,WIZNA,1974,7,87.9,,0,,13.4,,18.0,,0,8.0
253220190,WIZNA,1974,8,42.0,,0,,13.6,,4.0,,0,8.0
253220190,WIZNA,1974,9,60.1,,0,,19.8,,30.0,,0,8.0
253220190,WIZNA,1974,10,199.1,,2,,58.3,,3.0,,0,8.0
253220190,WIZNA,1974,11,31.9,,4,,14.3,,2.0,,0,8.0
253220190,WIZNA,1974,12,68.1,,9,,9.8,,28.0,,0,8.0
253220190,WIZNA,1975,1,19.2,,9,,3.8,,5.0,,0,8.0
253220190,WIZNA,1975,2,12.6,,9,,4.5,,14.0,,0,8.0
253220190,WIZNA,1975,3,23.6,,3,,8.7,,28.0,,0,8.0
253220190,WIZNA,1975,4,36.8,,2,,11.1,,11.0,,0,8.0
253220190,WIZNA,1975,5,26.9,,0,,8.7,,10.0,,0,8.0
253220190,WIZNA,1975,6,110.5,,0,,31.5,,22.0,,0,8.0
253220190,WIZNA,1975,7,155.7,,0,,50.8,,26.0,,0,8.0
253220190,WIZNA,1975,8,25.4,,0,,15.5,,16.0,,0,8.0
253220190,WIZNA,1975,9,54.8,,0,,27.8,,29.0,,0,8.0
253220190,WIZNA,1975,10,38.3,,0,,8.4,,3.0,,0,8.0
253220190,WIZNA,1975,11,20.9,,1,,8.0,,18.0,,0,8.0
253220190,WIZNA,1975,12,39.8,,12,,4.9,,31.0,,0,8.0
253220190,WIZNA,1976,1,68.1,,21,,12.3,,3.0,,0,8.0
253220190,WIZNA,1976,2,0.2,,1,,0.2,,5.0,,0,8.0
253220190,WIZNA,1976,3,24.6,,15,,7.2,,1.0,,0,8.0
253220190,WIZNA,1976,4,9.8,,1,,3.3,,13.0,,0,8.0
253220190,WIZNA,1976,5,58.6,,0,,28.7,,14.0,,0,8.0
253220190,WIZNA,1976,6,30.0,,0,,10.4,,15.0,,0,8.0
253220190,WIZNA,1976,7,62.1,,0,,14.4,,9.0,,0,8.0
253220190,WIZNA,1976,8,44.4,,0,,19.5,,1.0,,0,8.0
253220190,WIZNA,1976,9,46.9,,0,,15.1,,24.0,,0,8.0
253220190,WIZNA,1976,10,18.3,,0,,5.0,,30.0,31.0,0,8.0
253220190,WIZNA,1976,11,45.5,,4,,5.7,,12.0,,0,8.0
253220190,WIZNA,1976,12,57.9,,12,,11.1,,8.0,,0,8.0
253220190,WIZNA,1977,1,22.1,,6,,5.2,,31.0,,0,8.0
253220190,WIZNA,1977,2,53.6,,14,,15.6,,25.0,,0,8.0
253220190,WIZNA,1977,3,31.7,,6,,6.5,,28.0,,0,8.0
253220190,WIZNA,1977,4,52.4,,2,,7.3,,8.0,,0,8.0
253220190,WIZNA,1977,5,78.5,,0,,29.4,,20.0,,0,8.0
253220190,WIZNA,1977,6,29.9,,0,,10.0,,4.0,,0,8.0
253220190,WIZNA,1977,7,111.4,,0,,21.4,,10.0,,0,8.0
253220190,WIZNA,1977,8,181.0,,0,,79.0,,14.0,,0,8.0
253220190,WIZNA,1977,9,56.0,,0,,21.5,,21.0,,0,8.0
253220190,WIZNA,1977,10,14.4,,0,,7.5,,3.0,,0,8.0
253220190,WIZNA,1977,11,46.1,,5,,9.2,,8.0,,0,8.0
253220190,WIZNA,1977,12,31.5,,6,,6.5,,24.0,,0,8.0
253220190,WIZNA,1978,1,26.5,,13,,5.0,,30.0,,0,8.0
253220190,WIZNA,1978,2,19.6,,13,,6.7,,12.0,,0,8.0
253220190,WIZNA,1978,3,29.8,,8,,5.8,,19.0,,0,8.0
253220190,WIZNA,1978,4,45.9,,2,,17.5,,13.0,,0,8.0
253220190,WIZNA,1978,5,37.9,,2,,9.4,,25.0,,0,8.0
253220190,WIZNA,1978,6,119.0,,0,,47.2,,26.0,,0,8.0
253220190,WIZNA,1978,7,65.1,,0,,31.2,,5.0,,0,8.0
253220190,WIZNA,1978,8,85.6,,0,,19.4,,4.0,,0,8.0
253220190,WIZNA,1978,9,102.9,,0,,16.5,,4.0,,0,8.0
253220190,WIZNA,1978,10,63.8,,2,,13.1,,5.0,,0,8.0
253220190,WIZNA,1978,11,27.2,,2,,8.4,,28.0,,0,8.0
253220190,WIZNA,1978,12,33.6,,7,,6.2,,16.0,,0,8.0
253220190,WIZNA,1979,1,63.3,,23,,31.2,,30.0,,0,8.0
253220190,WIZNA,1979,2,21.9,,11,,5.7,,14.0,,0,8.0
253220190,WIZNA,1979,3,79.9,,8,,19.5,,17.0,,0,8.0
253220190,WIZNA,1979,4,20.5,,0,,5.8,,27.0,,0,8.0
253220190,WIZNA,1979,5,23.4,,0,,7.0,,19.0,,0,8.0
253220190,WIZNA,1979,6,44.2,,0,,22.0,,26.0,,0,8.0
253220190,WIZNA,1979,7,54.0,,0,,0.0,8.0,,,0,8.0
253220190,WIZNA,1979,8,146.3,,0,,30.7,,4.0,,0,8.0
253220190,WIZNA,1979,9,49.5,,0,,17.2,,4.0,,0,8.0
253220190,WIZNA,1979,10,7.6,,0,,7.0,,16.0,,0,8.0
253220190,WIZNA,1979,11,36.0,,3,,8.7,,8.0,,0,8.0
253220190,WIZNA,1979,12,31.6,,8,,8.1,,10.0,,0,8.0
253220190,WIZNA,1980,1,22.5,,7,,10.5,,23.0,,0,8.0
253220190,WIZNA,1980,2,18.5,,9,,4.4,,11.0,,0,8.0
253220190,WIZNA,1980,3,36.0,,9,,13.4,,2.0,,0,8.0
253220190,WIZNA,1980,4,48.9,,3,,13.7,,28.0,,0,8.0
253220190,WIZNA,1980,5,30.2,,1,,10.4,,9.0,,0,8.0
253220190,WIZNA,1980,6,87.0,,0,,18.0,,15.0,,0,8.0
253220190,WIZNA,1980,7,160.5,,0,,33.8,,10.0,,0,8.0
253220190,WIZNA,1980,8,55.7,,0,,14.9,,21.0,,0,8.0
253220190,WIZNA,1980,9,60.9,,0,,13.3,,26.0,,0,8.0
253220190,WIZNA,1980,10,124.6,,0,,29.7,,10.0,,0,8.0
253220190,WIZNA,1980,11,31.1,,6,,6.8,,16.0,,0,8.0
253220190,WIZNA,1980,12,40.7,,6,,9.5,,11.0,,0,8.0
253220190,WIZNA,1981,1,31.6,,12,,11.0,,3.0,,0,8.0
253220190,WIZNA,1981,2,16.8,,14,,4.6,,10.0,,0,8.0
253220190,WIZNA,1981,3,31.4,,5,,10.1,,7.0,,0,8.0
253220190,WIZNA,1981,4,14.5,,4,,4.3,,10.0,,0,8.0
253220190,WIZNA,1981,5,59.6,,0,,17.4,,6.0,,0,8.0
253220190,WIZNA,1981,6,68.5,,0,,16.8,,19.0,,0,8.0
253220190,WIZNA,1981,7,73.6,,0,,18.2,,29.0,,0,8.0
253220190,WIZNA,1981,8,114.9,,0,,33.4,,23.0,,0,8.0
253220190,WIZNA,1981,9,41.8,,0,,27.2,,14.0,,0,8.0
253220190,WIZNA,1981,10,47.8,,0,,19.5,,31.0,,0,8.0
253220190,WIZNA,1981,11,81.1,,6,,18.4,,2.0,,0,8.0
253220190,WIZNA,1981,12,55.5,,17,,9.2,,4.0,,0,8.0
253220190,WIZNA,1982,1,43.4,,12,,11.6,,5.0,,0,8.0
253220190,WIZNA,1982,2,7.7,,3,,3.0,,24.0,,0,8.0
253220190,WIZNA,1982,3,9.4,,0,,3.5,,3.0,,0,8.0
253220190,WIZNA,1982,4,31.5,,9,,7.8,,8.0,,0,8.0
253220190,WIZNA,1982,5,53.3,,0,,17.3,,11.0,,0,8.0
253220190,WIZNA,1982,6,73.7,,0,,23.8,,12.0,,0,8.0
253220190,WIZNA,1982,7,39.0,,0,,18.0,,14.0,,0,8.0
253220190,WIZNA,1982,8,42.5,,0,,15.2,,20.0,,0,8.0
253220190,WIZNA,1982,9,17.1,,0,,8.0,,23.0,,0,8.0
253220190,WIZNA,1982,10,11.7,,0,,4.0,,12.0,,0,8.0
253220190,WIZNA,1982,11,25.6,,1,,7.0,,14.0,,0,8.0
253220190,WIZNA,1982,12,51.6,,8,,11.4,,15.0,,0,8.0
253220190,WIZNA,1983,1,54.3,,9,,5.5,,4.0,,0,8.0
253220190,WIZNA,1983,2,25.9,,13,,7.8,,11.0,,0,8.0
253220190,WIZNA,1983,3,52.7,,6,,14.2,,10.0,,0,8.0
253220190,WIZNA,1983,4,49.9,,2,,18.0,,23.0,,0,8.0
253220190,WIZNA,1983,5,57.8,,0,,27.5,,19.0,,0,8.0
253220190,WIZNA,1983,6,43.5,,0,,12.3,,15.0,,0,8.0
253220190,WIZNA,1983,7,40.5,,0,,11.0,,20.0,,0,8.0
253220190,WIZNA,1983,8,47.3,,0,,21.3,,4.0,,0,8.0
253220190,WIZNA,1983,9,35.2,,0,,9.3,,12.0,,0,8.0
253220190,WIZNA,1983,10,28.8,,0,,5.8,,9.0,,0,8.0
253220190,WIZNA,1983,11,20.8,,3,,4.6,,26.0,,0,8.0
253220190,WIZNA,1983,12,41.8,,8,,7.4,,9.0,,0,8.0
253220190,WIZNA,1984,1,34.7,,15,,9.8,,25.0,,0,8.0
253220190,WIZNA,1984,2,18.7,,8,,4.2,,6.0,7.0,0,8.0
253220190,WIZNA,1984,3,8.5,,2,,3.7,,2.0,31.0,0,8.0
253220190,WIZNA,1984,4,25.0,,2,,9.4,,13.0,,0,8.0
253220190,WIZNA,1984,5,108.9,,0,,21.5,,18.0,,0,8.0
253220190,WIZNA,1984,6,79.4,,0,,14.0,,20.0,,0,8.0
253220190,WIZNA,1984,7,85.3,,0,,22.0,,13.0,,0,8.0
253220190,WIZNA,1984,8,11.2,,0,,4.2,,17.0,,0,8.0
253220190,WIZNA,1984,9,86.8,,0,,11.4,,25.0,,0,8.0
253220190,WIZNA,1984,10,25.9,,0,,5.0,,15.0,,0,8.0
253220190,WIZNA,1984,11,32.3,,1,,24.0,,23.0,,0,8.0
253220190,WIZNA,1984,12,21.0,,11,,3.9,,10.0,,0,8.0
253220190,WIZNA,1985,1,28.9,,18,,3.8,,23.0,25.0,0,8.0
253220190,WIZNA,1985,2,26.8,,10,,5.9,,2.0,,0,8.0
253220190,WIZNA,1985,3,47.9,,9,,6.8,,29.0,,0,8.0
253220190,WIZNA,1985,4,23.9,,2,,5.6,,24.0,,0,8.0
253220190,WIZNA,1985,5,93.2,,0,,22.5,,29.0,,0,8.0
253220190,WIZNA,1985,6,91.1,,0,,31.5,,7.0,,0,8.0
253220190,WIZNA,1985,7,45.1,,0,,13.3,,20.0,,0,8.0
253220190,WIZNA,1985,8,105.6,,0,,27.2,,18.0,,0,8.0
253220190,WIZNA,1985,9,62.2,,0,,12.7,,9.0,,0,8.0
253220190,WIZNA,1985,10,26.4,,0,,8.7,,14.0,,0,8.0
253220190,WIZNA,1985,11,25.6,,6,,8.3,,5.0,,0,8.0
253220190,WIZNA,1985,12,61.0,,6,,9.6,,16.0,,0,8.0
253220190,WIZNA,1986,1,65.1,,15,,13.0,,19.0,,0,8.0
253220190,WIZNA,1986,2,8.8,,10,,3.6,,17.0,,0,8.0
253220190,WIZNA,1986,3,15.8,,1,,6.2,,23.0,,0,8.0
253220190,WIZNA,1986,4,27.8,,2,,8.6,,18.0,,0,8.0
253220190,WIZNA,1986,5,61.8,,0,,15.5,,9.0,,0,8.0
253220190,WIZNA,1986,6,32.3,,0,,13.9,,2.0,,0,8.0
253220190,WIZNA,1986,7,68.4,,0,,33.2,,24.0,,0,8.0
253220190,WIZNA,1986,8,86.1,,0,,15.6,,28.0,,0,8.0
253220190,WIZNA,1986,9,50.1,,0,,18.4,,3.0,,0,8.0
253220190,WIZNA,1986,10,22.1,,0,,7.1,,20.0,,0,8.0
253220190,WIZNA,1986,11,29.5,,1,,10.4,,24.0,,0,8.0
253220190,WIZNA,1986,12,39.6,,11,,4.9,,11.0,,0,8.0
253220190,WIZNA,1987,1,42.1,,11,,9.0,,25.0,,0,8.0
253220190,WIZNA,1987,2,15.1,,5,,5.2,,6.0,,0,8.0
253220190,WIZNA,1987,3,24.6,,7,,7.9,,20.0,,0,8.0
253220190,WIZNA,1987,4,20.5,,0,,8.2,,20.0,,0,8.0
253220190,WIZNA,1987,5,54.1,,0,,18.3,,14.0,,0,8.0
253220190,WIZNA,1987,6,92.5,,0,,23.4,,5.0,,0,8.0
253220190,WIZNA,1987,7,110.0,,0,,28.0,,31.0,,0,8.0
253220190,WIZNA,1987,8,60.3,,0,,18.1,,19.0,,0,8.0
253220190,WIZNA,1987,9,64.0,,0,,24.1,,14.0,,0,8.0
253220190,WIZNA,1987,10,10.0,,0,,4.2,,24.0,,0,8.0
253220190,WIZNA,1987,11,52.2,,2,,19.6,,27.0,,0,8.0
253220190,WIZNA,1987,12,59.2,,5,,13.3,,22.0,,0,8.0
253220190,WIZNA,1988,1,38.4,,9,,7.6,,31.0,,0,8.0
253220190,WIZNA,1988,2,30.6,,10,,6.9,,21.0,,0,8.0
253220190,WIZNA,1988,3,55.1,,11,,11.2,,26.0,,0,8.0
253220190,WIZNA,1988,4,13.5,,3,,6.8,,1.0,,0,8.0
253220190,WIZNA,1988,5,63.7,,0,,29.7,,22.0,,0,8.0
253220190,WIZNA,1988,6,40.7,,0,,27.9,,21.0,,0,8.0
253220190,WIZNA,1988,7,46.5,,0,,11.2,,17.0,,0,8.0
253220190,WIZNA,1988,8,72.7,,0,,15.3,,3.0,30.0,0,8.0
253220190,WIZNA,1988,9,37.0,,0,,12.4,,16.0,,0,8.0
253220190,WIZNA,1988,10,9.9,,1,,5.5,,7.0,,0,8.0
253220190,WIZNA,1988,11,48.6,,11,,12.7,,13.0,,0,8.0
253220190,WIZNA,1988,12,41.3,,14,,5.2,,24.0,,0,8.0
253220190,WIZNA,1989,1,16.9,,4,,3.2,,6.0,14.0,0,8.0
253220190,WIZNA,1989,2,23.6,,7,,7.4,,19.0,,0,8.0
253220190,WIZNA,1989,3,25.2,,0,,8.6,,12.0,,0,8.0
253220190,WIZNA,1989,4,55.6,,3,,14.0,,9.0,,0,8.0
253220190,WIZNA,1989,5,24.3,,0,,6.1,,10.0,,0,8.0
253220190,WIZNA,1989,6,99.5,,0,,16.9,,4.0,,0,8.0
253220190,WIZNA,1989,7,43.4,,0,,32.0,,19.0,,0,8.0
253220190,WIZNA,1989,8,39.0,,0,,21.1,,28.0,,0,8.0
253220190,WIZNA,1989,9,16.3,,0,,7.2,,30.0,,0,8.0
253220190,WIZNA,1989,10,53.2,,0,,9.5,,31.0,,0,8.0
253220190,WIZNA,1989,11,38.3,,5,,8.0,,27.0,,0,8.0
253220190,WIZNA,1989,12,55.8,,4,,14.2,,21.0,,0,8.0
253220190,WIZNA,1990,1,18.6,,3,,3.7,,15.0,,0,8.0
253220190,WIZNA,1990,2,19.4,,4,,7.8,,26.0,,0,8.0
253220190,WIZNA,1990,3,27.6,,4,,7.2,,6.0,,0,8.0
253220190,WIZNA,1990,4,10.2,,0,,2.6,,24.0,,0,8.0
253220190,WIZNA,1990,5,65.4,,0,,25.1,,12.0,,0,8.0
253220190,WIZNA,1990,6,94.2,,0,,30.8,,23.0,,0,8.0
253220190,WIZNA,1990,7,63.4,,0,,17.7,,1.0,,0,8.0
253220190,WIZNA,1990,8,28.8,,0,,6.7,,20.0,,0,8.0
253220190,WIZNA,1990,9,149.6,,0,,27.0,,2.0,,0,8.0
253220190,WIZNA,1990,10,30.6,,0,,11.8,,30.0,,0,8.0
253220190,WIZNA,1990,11,64.8,,3,,9.7,,17.0,24.0,0,8.0
253220190,WIZNA,1990,12,31.6,,7,,11.8,,13.0,,0,8.0
253220190,WIZNA,1991,1,16.5,,5,,4.3,,28.0,,0,8.0
253220190,WIZNA,1991,2,42.4,,12,,14.5,,14.0,,0,8.0
253220190,WIZNA,1991,3,19.9,,2,,9.4,,22.0,,0,8.0
253220190,WIZNA,1991,4,14.0,,1,,4.8,,29.0,,0,8.0
253220190,WIZNA,1991,5,39.9,,0,,9.5,,23.0,,0,8.0
253220190,WIZNA,1991,6,84.6,,0,,18.6,,14.0,,0,8.0
253220190,WIZNA,1991,7,47.6,,0,,16.2,,13.0,,0,8.0
253220190,WIZNA,1991,8,53.7,,0,,9.7,,28.0,,0,8.0
253220190,WIZNA,1991,9,32.4,,0,,17.2,,30.0,,0,8.0
253220190,WIZNA,1991,10,14.2,,4,,4.9,,2.0,,0,8.0
253220190,WIZNA,1991,11,48.1,,2,,13.9,,17.0,,0,8.0
253220190,WIZNA,1991,12,40.4,,9,,6.9,,20.0,,0,8.0
253220190,WIZNA,1992,1,18.2,,4,,5.2,,17.0,,0,8.0
253220190,WIZNA,1992,2,35.3,,9,,8.6,,23.0,,0,8.0
253220190,WIZNA,1992,3,30.4,,4,,9.5,,24.0,,0,8.0
253220190,WIZNA,1992,4,59.0,,3,,18.4,,3.0,,0,8.0
253220190,WIZNA,1992,5,21.6,,0,,9.2,,8.0,,0,8.0
253220190,WIZNA,1992,6,25.0,,0,,9.2,,10.0,,0,8.0
253220190,WIZNA,1992,7,43.5,,0,,18.5,,18.0,,0,8.0
253220190,WIZNA,1992,8,30.6,,0,,11.2,,14.0,,0,8.0
253220190,WIZNA,1992,9,108.2,,0,,44.1,,6.0,,0,8.0
253220190,WIZNA,1992,10,62.4,,1,,16.9,,24.0,,0,8.0
253220190,WIZNA,1992,11,54.7,,4,,7.9,,11.0,,0,8.0
253220190,WIZNA,1992,12,53.3,,6,,17.0,,6.0,,0,8.0
253220190,WIZNA,1993,1,54.8,,8,,9.8,,6.0,,0,8.0
253220190,WIZNA,1993,2,21.2,,9,,6.8,,17.0,,0,8.0
253220190,WIZNA,1993,3,43.2,,3,,10.3,,19.0,,0,8.0
253220190,WIZNA,1993,4,21.5,,0,,15.0,,18.0,,0,8.0
253220190,WIZNA,1993,5,11.4,,0,,4.1,,29.0,,0,8.0
253220190,WIZNA,1993,6,56.6,,0,,16.0,,12.0,,0,8.0
253220190,WIZNA,1993,7,86.8,,0,,24.3,,20.0,,0,8.0
253220190,WIZNA,1993,8,62.2,,0,,29.7,,10.0,,0,8.0
253220190,WIZNA,1993,9,90.1,,0,,14.2,,10.0,,0,8.0
253220190,WIZNA,1993,10,45.4,,0,,28.0,,9.0,,0,8.0
253220190,WIZNA,1993,11,14.3,,6,,8.5,,7.0,,0,8.0
253220190,WIZNA,1993,12,59.0,,9,,12.5,,22.0,,0,8.0
253220190,WIZNA,1994,1,58.2,,11,,7.8,,27.0,,0,8.0
253220190,WIZNA,1994,2,25.5,,8,,4.9,,2.0,,0,8.0
253220190,WIZNA,1994,3,65.4,,10,,9.6,,24.0,,0,8.0
253220190,WIZNA,1994,4,119.4,,0,,44.5,,27.0,,0,8.0
253220190,WIZNA,1994,5,76.7,,0,,27.2,,19.0,,0,8.0
253220190,WIZNA,1994,6,21.0,,0,,7.8,,19.0,,0,8.0
253220190,WIZNA,1994,7,4.9,,0,,2.6,,9.0,,0,8.0
253220190,WIZNA,1994,8,45.9,,0,,8.9,,18.0,,0,8.0
253220190,WIZNA,1994,9,48.7,,0,,11.2,,5.0,,0,8.0
253220190,WIZNA,1994,10,90.3,,0,,34.4,,9.0,,0,8.0
253220190,WIZNA,1994,11,40.3,,1,,13.4,,14.0,,0,8.0
253220190,WIZNA,1994,12,55.2,,4,,16.8,,11.0,,0,8.0
253220190,WIZNA,1995,1,26.4,,7,,4.2,,10.0,,0,8.0
253220190,WIZNA,1995,2,44.2,,7,,9.8,,20.0,,0,8.0
253220190,WIZNA,1995,3,47.3,,6,,8.9,,18.0,,0,8.0
253220190,WIZNA,1995,4,37.7,,3,,12.9,,12.0,,0,8.0
253220190,WIZNA,1995,5,29.9,,0,,10.7,,19.0,,0,8.0
253220190,WIZNA,1995,6,60.7,,0,,27.9,,22.0,,0,8.0
253220190,WIZNA,1995,7,39.5,,0,,13.5,,10.0,,0,8.0
253220190,WIZNA,1995,8,38.7,,0,,18.4,,28.0,,0,8.0
253220190,WIZNA,1995,9,158.0,,0,,61.6,,3.0,,0,8.0
253220190,WIZNA,1995,10,22.1,,0,,11.4,,28.0,,0,8.0
253220190,WIZNA,1995,11,25.8,,3,,9.3,,1.0,,0,8.0
253220190,WIZNA,1995,12,22.5,,7,,6.7,,23.0,,0,8.0
253220190,WIZNA,1996,1,11.5,,6,,6.4,,2.0,,0,8.0
253220190,WIZNA,1996,2,44.5,,15,,16.1,,24.0,,0,8.0
253220190,WIZNA,1996,3,14.6,,7,,6.9,,14.0,,0,8.0
253220190,WIZNA,1996,4,43.9,,4,,9.1,,14.0,,0,8.0
253220190,WIZNA,1996,5,39.5,,0,,11.0,,19.0,,0,8.0
253220190,WIZNA,1996,6,45.8,,0,,12.2,,22.0,,0,8.0
253220190,WIZNA,1996,7,67.2,,0,,23.9,,8.0,,0,8.0
253220190,WIZNA,1996,8,54.3,,0,,11.2,,14.0,,0,8.0
253220190,WIZNA,1996,9,56.6,,0,,10.9,,11.0,,0,8.0
253220190,WIZNA,1996,10,40.4,,0,,15.7,,19.0,,0,8.0
253220190,WIZNA,1996,11,20.1,,4,,4.8,,21.0,,0,8.0
253220190,WIZNA,1996,12,8.2,,5,,4.3,,15.0,,0,8.0
253220190,WIZNA,1997,1,7.0,,2,,2.5,,23.0,,0,8.0
253220190,WIZNA,1997,2,33.3,,9,,7.8,,14.0,,0,8.0
253220190,WIZNA,1997,3,26.2,,5,,6.3,,28.0,,0,8.0
253220190,WIZNA,1997,4,37.0,,9,,6.1,,12.0,,0,8.0
253220190,WIZNA,1997,5,48.7,,0,,12.7,,8.0,,0,8.0
253220190,WIZNA,1997,6,73.7,,2,,27.8,,14.0,,0,8.0
253220190,WIZNA,1997,7,153.3,,0,,42.1,,26.0,,0,8.0
253220190,WIZNA,1997,8,17.6,,0,,8.2,,6.0,,0,8.0
253220190,WIZNA,1997,9,53.0,,0,,20.6,,6.0,,0,8.0
253220190,WIZNA,1997,10,68.2,,5,,14.6,,10.0,,0,8.0
253220190,WIZNA,1997,11,41.3,,7,,14.4,,14.0,,0,8.0
253220190,WIZNA,1997,12,42.6,,6,,14.4,,11.0,,0,8.0
253220190,WIZNA,1998,1,26.4,,5,,3.4,,7.0,31.0,0,8.0
253220190,WIZNA,1998,2,21.6,,5,,3.4,,14.0,,0,8.0
253220190,WIZNA,1998,3,47.5,,9,,9.1,,7.0,,0,8.0
253220190,WIZNA,1998,4,80.6,,1,,17.2,,19.0,,0,8.0
253220190,WIZNA,1998,5,42.1,,0,,18.3,,4.0,,0,8.0
253220190,WIZNA,1998,6,59.3,,0,,11.5,,3.0,,0,8.0
253220190,WIZNA,1998,7,68.8,,0,,17.1,,28.0,,0,8.0
253220190,WIZNA,1998,8,85.2,,0,,19.6,,13.0,,0,8.0
253220190,WIZNA,1998,9,30.4,,0,,20.5,,29.0,,0,8.0
253220190,WIZNA,1998,10,45.1,,0,,7.9,,28.0,,0,8.0
253220190,WIZNA,1998,11,40.9,,8,,12.8,,15.0,,0,8.0
253220190,WIZNA,1998,12,36.0,,10,,8.3,,15.0,,0,8.0
253220190,WIZNA,1999,1,18.6,,9,,3.8,,31.0,,0,8.0
253220190,WIZNA,1999,2,45.1,,12,,7.3,,5.0,,0,8.0
253220190,WIZNA,1999,3,19.5,,3,,5.4,,1.0,11.0,0,8.0
253220190,WIZNA,1999,4,58.8,,1,,21.2,,19.0,,0,8.0
253220190,WIZNA,1999,5,53.7,,0,,17.3,,11.0,,0,8.0
253220190,WIZNA,1999,6,65.3,,0,,12.2,,13.0,,0,8.0
253220190,WIZNA,1999,7,18.0,,0,,7.6,,14.0,,0,8.0
253220190,WIZNA,1999,8,111.3,,0,,47.0,,8.0,,0,8.0
253220190,WIZNA,1999,9,28.8,,0,,10.8,,1.0,,0,8.0
253220190,WIZNA,1999,10,42.5,,1,,9.4,,9.0,,0,8.0
253220190,WIZNA,1999,11,36.8,,8,,6.8,,23.0,,0,8.0
253220190,WIZNA,1999,12,32.0,,8,,6.8,,7.0,,0,8.0
253220190,WIZNA,2000,1,36.0,,13,,7.5,,31.0,,0,8.0
253220190,WIZNA,2000,2,24.1,,11,,7.6,,4.0,,0,8.0
253220190,WIZNA,2000,3,80.5,,8,,23.9,,31.0,,0,8.0
253220190,WIZNA,2000,4,19.8,,0,,15.2,,5.0,,0,8.0
253220190,WIZNA,2000,5,9.8,,0,,4.9,,29.0,,0,8.0
253220190,WIZNA,2000,6,19.1,,0,,5.9,,17.0,,0,8.0
253220190,WIZNA,2000,7,94.8,,0,,17.3,,29.0,,0,8.0
253220190,WIZNA,2000,8,81.8,,0,,21.4,,22.0,,0,8.0
253220190,WIZNA,2000,9,28.9,,0,,8.1,,9.0,,0,8.0
253220190,WIZNA,2000,10,1.5,,0,,0.9,,25.0,,0,8.0
253220190,WIZNA,2000,11,65.9,,0,,16.7,,1.0,,0,8.0
253220190,WIZNA,2000,12,42.6,,6,,7.8,,28.0,,0,8.0
253220190,WIZNA,2001,1,23.0,,4,,4.9,,3.0,,0,8.0
253220190,WIZNA,2001,2,16.0,,9,,4.3,,5.0,,0,8.0
253220190,WIZNA,2001,3,26.2,,4,,8.2,,19.0,,0,8.0
253220190,WIZNA,2001,4,78.4,,3,,11.8,,20.0,,0,8.0
253220190,WIZNA,2001,5,55.1,,0,,17.9,,18.0,,0,8.0
253220190,WIZNA,2001,6,25.0,,0,,6.3,,8.0,,0,8.0
253220190,WIZNA,2001,7,72.7,,0,,18.5,,8.0,,0,8.0
253220190,WIZNA,2001,8,33.1,,0,,14.1,,28.0,,0,8.0
253220190,WIZNA,2001,9,133.2,,0,,24.6,,18.0,,0,8.0
253220190,WIZNA,2001,10,39.8,,0,,10.4,,3.0,,0,8.0
253220190,WIZNA,2001,11,30.8,,10,,4.4,,28.0,,0,8.0
253220190,WIZNA,2001,12,25.9,,18,,4.4,,28.0,,0,8.0
253220190,WIZNA,2002,1,43.9,,9,,7.5,,28.0,,0,8.0
253220190,WIZNA,2002,2,52.1,,9,,8.1,,26.0,,0,8.0
253220190,WIZNA,2002,3,49.5,,6,,15.9,,7.0,,0,8.0
253220190,WIZNA,2002,4,6.9,,1,,3.7,,29.0,,0,8.0
253220190,WIZNA,2002,5,21.5,,0,,9.6,,28.0,,0,8.0
253220190,WIZNA,2002,6,86.8,,0,,22.3,,3.0,,0,8.0
253220190,WIZNA,2002,7,66.5,,0,,42.2,,4.0,,0,8.0
253220190,WIZNA,2002,8,19.5,,0,,14.5,,12.0,,0,8.0
253220190,WIZNA,2002,9,10.6,,0,,4.1,,18.0,,0,8.0
253220190,WIZNA,2002,10,88.6,,2,,17.5,,16.0,,0,8.0
253220190,WIZNA,2002,11,28.3,,5,,13.2,,30.0,,0,8.0
253220190,WIZNA,2002,12,9.8,,6,,6.8,,21.0,,0,8.0
253220190,WIZNA,2003,1,35.3,,8,,12.2,,2.0,,0,8.0
253220190,WIZNA,2003,2,24.6,,6,,10.7,,6.0,,0,8.0
253220190,WIZNA,2003,3,17.7,,6,,5.6,,11.0,,0,8.0
253220190,WIZNA,2003,4,24.8,,5,,4.7,,8.0,,0,8.0
253220190,WIZNA,2003,5,25.9,,0,,9.0,,3.0,,0,8.0
253220190,WIZNA,2003,6,39.1,,0,,12.5,,20.0,,0,8.0
253220190,WIZNA,2003,7,66.0,,0,,22.6,,22.0,,0,8.0
253220190,WIZNA,2003,8,37.8,,0,,10.8,,30.0,,0,8.0
253220190,WIZNA,2003,9,31.0,,0,,9.1,,29.0,,0,8.0
253220190,WIZNA,2003,10,68.0,,3,,26.9,,5.0,,0,8.0
253220190,WIZNA,2003,11,41.5,,1,,13.8,,19.0,,0,8.0
253220190,WIZNA,2003,12,53.9,,7,,12.0,,30.0,,0,8.0
253220190,WIZNA,2004,1,24.5,,15,,4.3,,2.0,,0,8.0
253220190,WIZNA,2004,2,36.1,,13,,9.0,,7.0,,0,8.0
253220190,WIZNA,2004,3,26.8,,4,,8.3,,20.0,,0,8.0
253220190,WIZNA,2004,4,45.1,,0,,28.5,,8.0,,0,8.0
253220190,WIZNA,2004,5,67.1,,0,,23.8,,8.0,,0,8.0
253220190,WIZNA,2004,6,51.1,,0,,9.4,,15.0,,0,8.0
253220190,WIZNA,2004,7,53.9,,0,,18.9,,26.0,,0,8.0
253220190,WIZNA,2004,8,44.5,,0,,15.8,,1.0,,0,8.0
253220190,WIZNA,2004,9,18.0,,0,,9.7,,30.0,,0,8.0
253220190,WIZNA,2004,10,35.3,,0,,7.6,,1.0,16.0,0,8.0
253220190,WIZNA,2004,11,42.3,,8,,13.3,,5.0,,0,8.0
253220190,WIZNA,2004,12,36.2,,5,,8.6,,31.0,,0,8.0
253220190,WIZNA,2005,1,27.8,,10,,5.9,,20.0,,0,8.0
253220190,WIZNA,2005,2,28.1,,14,,5.0,,12.0,,0,8.0
253220190,WIZNA,2005,3,37.6,,13,,7.3,,6.0,,0,8.0
253220190,WIZNA,2005,4,8.2,,0,,5.6,,9.0,,0,8.0
253220190,WIZNA,2005,5,62.7,,0,,8.7,,12.0,30.0,0,8.0
253220190,WIZNA,2005,6,70.9,,0,,13.5,,15.0,,0,8.0
253220190,WIZNA,2005,7,55.0,,0,,18.0,,26.0,,0,8.0
253220190,WIZNA,2005,8,53.3,,0,,27.0,,9.0,,0,8.0
253220190,WIZNA,2005,9,43.6,,0,,23.7,,16.0,,0,8.0
253220190,WIZNA,2005,10,13.9,,0,,7.1,,23.0,,0,8.0
253220190,WIZNA,2005,11,29.4,,6,,6.0,,15.0,,0,8.0
253220190,WIZNA,2005,12,51.2,,16,,13.6,,7.0,,0,8.0
253220190,WIZNA,2006,1,7.9,,4,,3.2,,2.0,,0,8.0
253220190,WIZNA,2006,2,36.1,,17,,7.6,,21.0,,0,8.0
253220190,WIZNA,2006,3,9.7,,7,,3.0,,26.0,,0,8.0
253220190,WIZNA,2006,4,29.6,,1,,15.0,,10.0,,0,8.0
253220190,WIZNA,2006,5,74.3,,0,,18.3,,28.0,,0,8.0
253220190,WIZNA,2006,6,20.8,,0,,13.7,,26.0,,0,8.0
253220190,WIZNA,2006,7,36.9,,0,,26.1,,13.0,,0,8.0
253220190,WIZNA,2006,8,167.4,,0,,56.3,,11.0,,0,8.0
253220190,WIZNA,2006,9,33.1,,0,,12.0,,5.0,,0,8.0
253220190,WIZNA,2006,10,48.5,,0,,9.8,,1.0,,0,8.0
253220190,WIZNA,2006,11,38.0,,5,,7.2,,5.0,,0,8.0
253220190,WIZNA,2006,12,35.1,,3,,7.6,,12.0,,0,8.0
253220190,WIZNA,2007,1,84.0,,6,,15.8,,18.0,,0,8.0
253220190,WIZNA,2007,2,29.2,,6,,6.9,,26.0,,0,8.0
253220190,WIZNA,2007,3,24.7,,0,,7.6,,2.0,,0,8.0
253220190,WIZNA,2007,4,18.2,,2,,7.3,,8.0,,0,8.0
253220190,WIZNA,2007,5,56.2,,0,,9.8,,15.0,,0,8.0
253220190,WIZNA,2007,6,54.5,,0,,11.2,,13.0,,0,8.0
253220190,WIZNA,2007,7,83.6,,0,,17.5,,5.0,,0,8.0
253220190,WIZNA,2007,8,67.7,,0,,19.0,,9.0,,0,8.0
253220190,WIZNA,2007,9,34.1,,0,,12.7,,18.0,,0,8.0
253220190,WIZNA,2007,10,23.8,,0,,6.4,,18.0,,0,8.0
253220190,WIZNA,2007,11,33.3,,8,,5.5,,26.0,,0,8.0
253220190,WIZNA,2007,12,14.3,,4,,4.2,,27.0,,0,8.0
253220190,WIZNA,2008,1,63.2,,9,,10.2,,26.0,,0,8.0
253220190,WIZNA,2008,2,24.8,,3,,6.0,,6.0,22.0,0,8.0
253220190,WIZNA,2008,3,47.5,,5,,10.0,,1.0,,0,8.0
253220190,WIZNA,2008,4,41.8,,0,,7.8,,11.0,,0,8.0
253220190,WIZNA,2008,5,54.4,,0,,14.7,,5.0,24.0,0,8.0
253220190,WIZNA,2008,6,21.6,,0,,8.7,,13.0,,0,8.0
253220190,WIZNA,2008,7,66.4,,0,,14.0,,4.0,,0,8.0
253220190,WIZNA,2008,8,123.7,,0,,38.2,,15.0,,0,8.0
253220190,WIZNA,2008,9,40.2,,0,,14.8,,8.0,,0,8.0
253220190,WIZNA,2008,10,21.5,,0,,10.9,,16.0,,0,8.0
253220190,WIZNA,2008,11,27.2,,4,,7.8,,20.0,,0,8.0
253220190,WIZNA,2008,12,37.7,,4,,8.9,,19.0,,0,8.0
253220190,WIZNA,2009,1,33.9,,10,,10.0,,21.0,,0,8.0
253220190,WIZNA,2009,2,38.7,,13,,8.6,,13.0,,0,8.0
253220190,WIZNA,2009,3,80.2,,12,,22.6,,17.0,,0,8.0
253220190,WIZNA,2009,4,4.7,,0,,4.7,,9.0,,0,8.0
253220190,WIZNA,2009,5,75.1,,0,,15.5,,31.0,,0,8.0
253220190,WIZNA,2009,6,193.3,,0,,65.4,,23.0,,0,8.0
253220190,WIZNA,2009,7,31.8,,0,,9.2,,1.0,,0,8.0
253220190,WIZNA,2009,8,107.6,,0,,32.9,,29.0,,0,8.0
253220190,WIZNA,2009,9,8.6,,0,,3.9,,3.0,,0,8.0
253220190,WIZNA,2009,10,78.7,,2,,12.9,,8.0,,0,8.0
253220190,WIZNA,2009,11,45.5,,2,,12.0,,11.0,,0,8.0
253220190,WIZNA,2009,12,41.4,,6,,8.5,,23.0,,0,8.0
253220190,WIZNA,2010,1,35.4,,13,,6.2,,10.0,,0,8.0
253220190,WIZNA,2010,2,32.1,,8,,11.6,,14.0,,0,8.0
253220190,WIZNA,2010,3,28.6,,6,,4.5,,29.0,,0,8.0
253220190,WIZNA,2010,4,30.1,,2,,5.9,,5.0,,0,8.0
253220190,WIZNA,2010,5,121.2,,0,,21.7,,16.0,,0,8.0
253220190,WIZNA,2010,6,76.8,,0,,30.5,,2.0,,0,8.0
253220190,WIZNA,2010,7,89.9,,0,,36.3,,6.0,,0,8.0
253220190,WIZNA,2010,8,101.4,,0,,22.2,,22.0,,0,8.0
253220190,WIZNA,2010,9,104.3,,0,,28.1,,1.0,,0,8.0
253220190,WIZNA,2010,10,13.8,,1,,4.5,,21.0,,0,8.0
253220190,WIZNA,2010,11,78.8,,4,,11.2,,4.0,,0,8.0
253220190,WIZNA,2010,12,56.9,,17,,17.6,,29.0,,0,8.0
253220190,WIZNA,2011,1,33.7,,12,,7.8,,15.0,,0,
253220190,WIZNA,2011,2,42.4,,10,,8.9,,4.0,,0,
253220190,WIZNA,2011,3,10.5,,3,,3.9,,25.0,,0,
253220190,WIZNA,2011,4,33.9,,0,,10.7,,12.0,,0,
253220190,WIZNA,2011,5,65.6,,1,,13.5,,3.0,,0,
253220190,WIZNA,2011,6,64.0,,0,,24.7,,29.0,,0,
253220190,WIZNA,2011,7,255.3,,0,,62.3,,1.0,,0,
253220190,WIZNA,2011,8,101.2,,0,,39.7,,7.0,,0,
253220190,WIZNA,2011,9,22.3,,0,,8.7,,27.0,,0,
253220190,WIZNA,2011,10,20.1,,0,,7.8,,10.0,,0,
253220190,WIZNA,2011,11,13.6,,0,,3.9,,19.0,,0,
253220190,WIZNA,2011,12,33.4,,6,,5.2,,5.0,24.0,0,
253220190,WIZNA,2012,1,55.7,,15,,8.3,,19.0,,0,
253220190,WIZNA,2012,2,30.0,,10,,8.9,,19.0,,0,
253220190,WIZNA,2012,3,21.4,,5,,7.3,,31.0,,0,
253220190,WIZNA,2012,4,54.2,,2,,16.3,,16.0,,0,
253220190,WIZNA,2012,5,59.7,,0,,42.7,,16.0,,0,
253220190,WIZNA,2012,6,80.9,,0,,22.9,,20.0,,0,
253220190,WIZNA,2012,7,73.7,,0,,34.8,,3.0,,0,
253220190,WIZNA,2012,8,68.5,,0,,24.4,,6.0,,0,
253220190,WIZNA,2012,9,29.6,,0,,5.4,,1.0,,0,
253220190,WIZNA,2012,10,52.0,,4,,15.6,,16.0,,0,
253220190,WIZNA,2012,11,41.3,,0,,14.2,,5.0,,0,
253220190,WIZNA,2012,12,40.6,,11,,11.4,,18.0,,0,
253220190,WIZNA,2013,1,42.1,,14,,9.1,,30.0,,0,
253220190,WIZNA,2013,2,42.2,,10,,13.2,,7.0,,0,
253220190,WIZNA,2013,3,42.8,,10,,21.7,,31.0,,0,
253220190,WIZNA,2013,4,57.8,,5,,15.8,,4.0,,0,
253220190,WIZNA,2013,5,85.5,,0,,21.5,,24.0,,0,
253220190,WIZNA,2013,6,111.0,,0,,22.4,,6.0,,0,
253220190,WIZNA,2013,7,60.9,,0,,39.5,,13.0,,0,
253220190,WIZNA,2013,8,72.8,,0,,16.0,,9.0,,0,
253220190,WIZNA,2013,9,195.9,,0,,59.8,,11.0,,0,
253220190,WIZNA,2013,10,11.7,,0,,3.0,,24.0,,0,
253220190,WIZNA,2013,11,36.3,,0,,12.1,,3.0,,0,
253220190,WIZNA,2013,12,29.4,,7,,7.5,,20.0,,0,
253220190,WIZNA,2014,1,45.8,,4,,9.5,,5.0,,0,
253220190,WIZNA,2014,2,32.2,,1,,12.3,,10.0,,0,
253220190,WIZNA,2014,3,26.4,,1,,10.3,,24.0,,0,
253220190,WIZNA,2014,4,23.7,,0,,4.3,,26.0,,0,
253220190,WIZNA,2014,5,51.9,,0,,14.0,,20.0,,0,
253220190,WIZNA,2014,6,67.6,,0,,17.6,,30.0,,0,
253220190,WIZNA,2014,7,39.3,,0,,13.6,,12.0,,0,
253220190,WIZNA,2014,8,111.4,,0,,46.7,,5.0,,0,
253220190,WIZNA,2014,9,22.2,,0,,6.5,,25.0,,0,
253220190,WIZNA,2014,10,9.6,,0,,3.6,,14.0,,0,
253220190,WIZNA,2014,11,26.0,,6,,7.8,,19.0,,0,
253220190,WIZNA,2014,12,46.2,,5,,10.7,,22.0,,0,
253220190,WIZNA,2015,1,59.7,,12,,11.0,,22.0,,0,
253220190,WIZNA,2015,2,10.7,,4,,3.2,,8.0,,0,
253220190,WIZNA,2015,3,36.6,,4,,16.8,,28.0,,0,
253220190,WIZNA,2015,4,30.6,,6,,9.0,,28.0,,0,
253220190,WIZNA,2015,5,78.8,,0,,22.5,,6.0,,0,
253220190,WIZNA,2015,6,31.8,,0,,9.5,,23.0,,0,
253220190,WIZNA,2015,7,62.0,,0,,23.5,,25.0,,0,
253220190,WIZNA,2015,8,8.0,,0,,7.0,,25.0,,0,
253220190,WIZNA,2015,9,41.9,,0,,8.6,,8.0,,0,
253220190,WIZNA,2015,10,32.5,,0,,10.3,,21.0,,0,
253220190,WIZNA,2015,11,74.2,,1,,12.3,,6.0,,0,
253220190,WIZNA,2015,12,60.5,,1,,19.9,,26.0,,0,
253220190,WIZNA,2016,1,29.1,,9,,6.9,,31.0,,0,
253220190,WIZNA,2016,2,68.9,,7,,19.2,,10.0,,0,
253220190,WIZNA,2016,3,34.1,,3,,7.4,,8.0,,0,
253220190,WIZNA,2016,4,22.2,,0,,11.5,,27.0,,0,
253220190,WIZNA,2016,5,69.9,,0,,25.5,,30.0,,0,
253220190,WIZNA,2016,6,40.2,,0,,12.9,,14.0,,0,
253220190,WIZNA,2016,7,108.5,,0,,22.9,,12.0,,0,
253220190,WIZNA,2016,8,55.1,,0,,14.7,,21.0,,0,
253220190,WIZNA,2016,9,17.3,,0,,6.2,,21.0,,0,
253220190,WIZNA,2016,10,114.8,,0,,29.7,,5.0,,0,
253220190,WIZNA,2016,11,52.6,,5,,16.4,,1.0,,0,
253220190,WIZNA,2016,12,44.2,,7,,9.0,,11.0,,0,
253220190,WIZNA,2017,1,22.7,,6,,7.4,,2.0,,0,
253220190,WIZNA,2017,2,53.8,,8,,10.8,,20.0,,0,
253220190,WIZNA,2017,3,51.8,,0,,9.8,,18.0,,0,
253220190,WIZNA,2017,4,70.0,,2,,23.0,,28.0,,0,
253220190,WIZNA,2017,5,72.5,,2,,35.6,,7.0,,0,
253220190,WIZNA,2017,6,105.4,,0,,38.3,,29.0,,0,
253220190,WIZNA,2017,7,91.4,,0,,37.1,,25.0,,0,
253220190,WIZNA,2017,8,62.6,,0,,16.3,,27.0,,0,
253220190,WIZNA,2017,9,91.5,,0,,23.6,,18.0,,0,
253220190,WIZNA,2017,10,118.7,,0,,23.0,,5.0,,0,
253220190,WIZNA,2017,11,47.3,,4,,18.5,,30.0,,0,
253220190,WIZNA,2017,12,60.6,,9,,13.7,,24.0,,0,
253220190,WIZNA,2018,1,41.9,,7,,8.4,,31.0,,0,
253220190,WIZNA,2018,2,23.2,,8,,12.1,,1.0,,0,
253220190,WIZNA,2018,3,15.6,,4,,7.9,,31.0,,0,
253220190,WIZNA,2018,4,40.1,,0,,24.1,,1.0,,0,
253220190,WIZNA,2018,5,64.7,,0,,20.7,,25.0,,0,
253220190,WIZNA,2018,6,28.2,,0,,7.8,,23.0,,0,
253220190,WIZNA,2018,7,123.7,,0,,36.6,,14.0,,0,
253220190,WIZNA,2018,8,128.4,,0,,32.0,,11.0,,0,
253220190,WIZNA,2018,9,35.5,,0,,21.5,,23.0,,0,
253220190,WIZNA,2018,10,47.0,,0,,14.9,,23.0,,0,
253220190,WIZNA,2018,11,16.0,,0,,8.3,,13.0,,0,
253220190,WIZNA,2018,12,79.8,,7,,17.0,,7.0,,0,
253220190,WIZNA,2019,1,57.1,,16,,7.6,,13.0,,0,
253220190,WIZNA,2019,2,19.1,,5,,8.4,,3.0,,0,
253220190,WIZNA,2019,3,37.9,,1,,9.8,,15.0,,0,
253220190,WIZNA,2019,4,3.6,,0,,3.0,,21.0,,0,
253220190,WIZNA,2019,5,131.7,,0,,33.2,,28.0,,0,
253220190,WIZNA,2019,6,38.7,,0,,11.2,,6.0,,0,
253220190,WIZNA,2019,7,150.0,,0,,58.2,,21.0,,0,
253220190,WIZNA,2019,8,95.7,,0,,23.4,,6.0,,0,
253220190,WIZNA,2019,9,51.1,,0,,13.9,,27.0,,0,
253220190,WIZNA,2019,10,22.2,,0,,9.7,,9.0,,0,
253220190,WIZNA,2019,11,20.8,,0,,5.2,,10.0,,0,
253220190,WIZNA,2019,12,35.1,,2,,12.1,,23.0,,0,
